,link,title,time
0,https://stackoverflow.com/questions/77364336/how-to-navigate-between-html-files-using-flask-and-render-template-libraries,"
How to navigate between html files using Flask and render_template libraries?
",2023-10-26 05:36:35Z
1,https://stackoverflow.com/questions/77363816/csrf-token-is-missing-react-frontend-form-with-flask-backend,"
CSRF token is missing - React Frontend form with Flask backend
",2023-10-26 02:35:01Z
2,https://stackoverflow.com/questions/77363747/mysql-databaseerror-2005-hy000-unknown-mysql-server-host-python-mysql-conn,"
MySQL DatabaseError 2005 (HY000) - Unknown MySQL Server Host - Python mysql.connector
",2023-10-26 02:13:49Z
3,https://stackoverflow.com/questions/77363604/socketio-asyncserver-and-flask-integration,"
socketio.AsyncServer() and Flask integration
",2023-10-26 01:08:56Z
4,https://stackoverflow.com/questions/77363526/flask-not-rendering-template-despite-no-errors,"
Flask not rendering template despite no errors
",2023-10-26 00:31:22Z
5,https://stackoverflow.com/questions/77363010/how-to-send-nextauth-cookie-to-different-domain-back-end,"
How to send NextAuth cookie to different domain back end?
",2023-10-25 21:34:22Z
6,https://stackoverflow.com/questions/77362755/clear-flask-form-after-submit-without-refreshing-page,"
Clear Flask Form after submit without refreshing page
",2023-10-25 20:41:16Z
7,https://stackoverflow.com/questions/77362099/make-page-clone-not-accecible-anymore-via-url,"
Make page clone not accecible anymore via URL
",2023-10-25 18:33:28Z
8,https://stackoverflow.com/questions/77362087/keep-getting-conflicts-when-installing-python-flask-and-google-cloud-bigquery,"
Keep getting conflicts when installing python, flask and google cloud bigquery
",2023-10-25 18:31:22Z
9,https://stackoverflow.com/questions/77361637/containerizing-a-flask-application-that-uses-pyodbc,"
Containerizing a flask application that uses PYODBC
",2023-10-25 17:15:19Z
10,https://stackoverflow.com/questions/77361590/react-frontend-routing-issue-with-flask-backend,"
React Frontend Routing Issue with Flask Backend
",2023-10-25 17:06:42Z
11,https://stackoverflow.com/questions/77361361/can-you-execute-a-query-with-the-secondary-bind-dynamically-in-flask-sqlalchemy,"
Can you execute a query with the secondary bind dynamically in flask-sqlalchemy?
",2023-10-25 16:33:41Z
12,https://stackoverflow.com/questions/77361230/problems-transforming-gee-python-api-objects-to-python-variables-within-flask-ap,"
Problems transforming GEE Python API objects to Python variables within Flask application
",2023-10-25 16:12:49Z
13,https://stackoverflow.com/questions/77361070/python-bigquery-error-queryjob-blocking-poll-got-an-unexpected-keyword-argum,"
Python bigquery error: QueryJob._blocking_poll() got an unexpected keyword argument 'retry'
",2023-10-25 15:51:38Z
14,https://stackoverflow.com/questions/77360860/importerror-cannot-import-name-db-from-partially-initialized-module-applicat,"
ImportError: cannot import name 'db' from partially initialized module 'application'
",2023-10-25 15:24:14Z
15,https://stackoverflow.com/questions/77360610/can-flask-and-quart-avoid-the-redirect-when-a-default-path-parameter-is-used,"
Can Flask and Quart avoid the redirect when a default path parameter is used?
",2023-10-25 14:52:08Z
16,https://stackoverflow.com/questions/77358806/how-to-display-an-excel-file-on-a-website-in-html-using-flask,"
How to display an Excel file on a website in html using flask?
",2023-10-25 10:50:22Z
17,https://stackoverflow.com/questions/77358799/python-redirect-to-page-requested-before-authorization,"
Python redirect to page requested before authorization
",2023-10-25 10:48:20Z
18,https://stackoverflow.com/questions/77358658/python-flask-is-it-possible-to-get-string-from-a-function-in-views-py-to-a-td,"
Python Flask, is it possible to get string from a function in views.py to a <td> tag in html?
",2023-10-25 10:22:38Z
19,https://stackoverflow.com/questions/77358570/json-serialisation-of-a-non-serialisable-object-in-a-flask-application-login-sys,"
JSON Serialisation of a non-serialisable object in a Flask application login system
",2023-10-25 10:11:33Z
20,https://stackoverflow.com/questions/77358024/what-are-the-best-practices-to-do-logging-flask-fast-api-application-either-per,"
What are the best practices to do logging Flask/Fast API application either per module or application wide logger [closed]
",2023-10-25 08:57:35Z
21,https://stackoverflow.com/questions/77357929/sending-email-through-flask-mail-on-a-simple-flask-web-application,"
Sending email through Flask-Mail on a Simple Flask web application [closed]
",2023-10-25 08:43:51Z
22,https://stackoverflow.com/questions/77356771/user-sholud-logged-out-after-certain-time-period-of-inactivity-using-flask-pytho,"
user sholud logged out after certain time period of inactivity using flask python [closed]
",2023-10-25 05:15:13Z
23,https://stackoverflow.com/questions/77356649/random-model-being-shown-in-swagger-ui-a-different-model-is-actually-mentioned,"
Random model being shown in Swagger UI - A different model is actually mentioned in thepython api files
",2023-10-25 04:37:50Z
24,https://stackoverflow.com/questions/77356294/i-have-a-qr-code-generator-script-that-runs-but-didnt-work-in-flask,"
I have a QR Code generator script that runs but didn't work in Flask
",2023-10-25 02:23:30Z
25,https://stackoverflow.com/questions/77355758/in-flask-implementing-google-oauth-i-get-a-psycopg2-error,"
In Flask, implementing google oauth, I get a psycopg2 error
",2023-10-24 22:43:01Z
26,https://stackoverflow.com/questions/77355606/flask-socketio-duplicate-file-reading,"
Flask-socketio - Duplicate file reading
",2023-10-24 21:56:09Z
27,https://stackoverflow.com/questions/77355484/cannot-seem-to-delete-nor-add-to-database-from-my-php-localhost,"
Cannot seem to delete nor add to database from my php localhost
",2023-10-24 21:28:52Z
28,https://stackoverflow.com/questions/77355337/python-ms-active-directory-is-it-possible-to-get-a-crypt-password-from-a-use,"
Python - ms_active_directory - Is it possible to get a crypt password from a user
",2023-10-24 20:53:58Z
29,https://stackoverflow.com/questions/77355259/flask-and-wavesurfer-js-audio-playback-not-rendering-on-html,"
Flask and Wavesurfer.js audio playback not rendering on HTML
",2023-10-24 20:36:36Z
30,https://stackoverflow.com/questions/77355244/how-to-run-flask-and-discord-bot-simultaneously-on-heroku,"
How to run flask and discord bot simultaneously on heroku?
",2023-10-24 20:33:24Z
31,https://stackoverflow.com/questions/77354058/micromamba-and-dockerfile-error-bin-bash-activate-no-such-file-or-directory,"
Micromamba and Dockerfile error: /bin/bash: activate: No such file or directory
",2023-10-24 17:03:58Z
32,https://stackoverflow.com/questions/77353175/flask-pytest-error-assertionerror-the-setup-method-before-request-can-no-l,"
Flask / Pytest error: AssertionError: The setup method 'before_request' can no longer be called
",2023-10-24 14:55:15Z
33,https://stackoverflow.com/questions/77352632/flask-web-application-not-updating-mysql-database,"
Flask Web Application Not Updating MySQL Database
",2023-10-24 13:42:58Z
34,https://stackoverflow.com/questions/77352409/array-of-dictionaries-to-jinja2-from-flask-is-unexpectedly-transformed-to-a-stri,"
Array of dictionaries to Jinja2 from flask is unexpectedly transformed to a string [duplicate]
",2023-10-24 13:17:57Z
35,https://stackoverflow.com/questions/77351878/is-it-possible-to-make-the-box-bigger-on-swagger-ui,"
Is it possible to make the box bigger on Swagger UI?
",2023-10-24 11:59:31Z
36,https://stackoverflow.com/questions/77351476/about-mod-wsgi-modulenotfounderror-dateutil-python-3-11-4-64bit-and-apache,"
about mod_wsgi ModuleNotFoundError (dateutil) // python 3.11.4 64bit and apache 2.4.58 win64 VS17
",2023-10-24 10:54:29Z
37,https://stackoverflow.com/questions/77350986/videos-from-static-not-rendering-in-a-flask-application,"
Videos from '/static' not rendering in a flask application
",2023-10-24 09:39:28Z
38,https://stackoverflow.com/questions/77350830/flask-or-dialogflow-throwing-405-method-not-allowed-error,"
Flask or Dialogflow throwing ""405 Method not allowed error""
",2023-10-24 09:14:49Z
39,https://stackoverflow.com/questions/77350339/issue-sending-predicted-label-to-api-endpoint-in-flask-application,"
Issue Sending Predicted Label to API Endpoint in Flask Application
",2023-10-24 07:52:52Z
40,https://stackoverflow.com/questions/77349903/how-to-configure-nginx-server-for-flask-sock,"
How to configure Nginx server for Flask-Sock?
",2023-10-24 06:23:34Z
41,https://stackoverflow.com/questions/77349820/python-flask-application-running-on-nohup-python-app-py-command-in-server-is-s,"
Python flask application running on nohup python app,py & command in server is stopped running in linux redhat server
",2023-10-24 06:01:46Z
42,https://stackoverflow.com/questions/77349682/syntaxerror-error-insert-contains-more-target-columns-than,"
SyntaxError: ERROR: INSERT contains more target columns than
",2023-10-24 05:22:04Z
43,https://stackoverflow.com/questions/77349667/python-logging-create-log-file-with-future-date,"
Python logging create log file with future date
",2023-10-24 05:18:04Z
44,https://stackoverflow.com/questions/77348084/sqlite-flask-table-not-showing-up,"
sqlite flask table not showing up
",2023-10-23 20:16:25Z
45,https://stackoverflow.com/questions/77347782/running-a-python-function-inside-html-code,"
Running a python function inside html code
",2023-10-23 19:15:50Z
46,https://stackoverflow.com/questions/77346798/flask-sqlalchemy-filters-in-a-post-form-wont-work-when-i-use-paginate-how-ca,"
Flask SQLAlchemy filters in a POST form won't work when I use Paginate(). How can I carry over POST results between paginate pages?
",2023-10-23 16:18:07Z
47,https://stackoverflow.com/questions/77346615/python-flask-extends-base-template-does-not-work,"
python flask extends base template does not work
",2023-10-23 15:50:25Z
48,https://stackoverflow.com/questions/77346542/nginx-is-not-proxying-requests-from-react-to-flask,"
Nginx is not proxying requests from React to Flask
",2023-10-23 15:39:10Z
49,https://stackoverflow.com/questions/77346453/request-form-get-returns-none,"
Request.form.get() returns None
",2023-10-23 15:26:22Z
50,https://stackoverflow.com/questions/77346040/js-python-and-html-synchronization,"
Js, python and html synchronization
",2023-10-23 14:23:16Z
51,https://stackoverflow.com/questions/77345406/jquery-onclick-function-for-several-buttons-on-flask-website,"
Jquery onclick function for several buttons on Flask website
",2023-10-23 12:56:41Z
52,https://stackoverflow.com/questions/77345112/how-to-pass-a-variable-from-jquery-to-a-python-script,"
How to pass a variable from jquery to a Python script [duplicate]
",2023-10-23 12:11:14Z
53,https://stackoverflow.com/questions/77344778/im-not-sure-why-my-edit-endpoint-is-not-working,"
I'm not sure why my edit endpoint is not working
",2023-10-23 11:27:23Z
54,https://stackoverflow.com/questions/77344684/async-await-error-when-taking-screenshot-in-python-using-playwright-signal-onl,"
Async/Await Error when Taking Screenshot in Python Using Playwright: 'signal only works in main thread of the main interpreter'
",2023-10-23 11:10:54Z
55,https://stackoverflow.com/questions/77343998/should-i-use-async-e-g-with-fastapi-for-an-api-endpoint,"
Should I use async (e.g. with FastAPI) for an API endpoint? [closed]
",2023-10-23 09:15:24Z
56,https://stackoverflow.com/questions/77343917/navigating-in-flask-using-js,"
Navigating in flask using JS
",2023-10-23 09:02:34Z
57,https://stackoverflow.com/questions/77343632/send-variables-to-the-flask-frontend-using-blueprints,"
Send variables to the Flask frontend using Blueprints
",2023-10-23 08:18:07Z
58,https://stackoverflow.com/questions/77343585/auth0-redirect-call-is-blocked-by-cors-policy,"
Auth0 redirect call is blocked by CORS policy
",2023-10-23 08:10:15Z
59,https://stackoverflow.com/questions/77342629/how-to-create-flask-sitemap-for-dynamic-addresses,"
How to create flask-sitemap for dynamic addresses?
",2023-10-23 04:24:13Z
60,https://stackoverflow.com/questions/77342624/how-to-log-arbitrary-request-headers-in-flask,"
How to log arbitrary request headers in Flask?
",2023-10-23 04:21:38Z
61,https://stackoverflow.com/questions/77342092/petfinder-api-is-giving-a-forbidden-response-when-creating-app,"
petfinder api is giving a forbidden response when creating app
",2023-10-22 23:59:39Z
62,https://stackoverflow.com/questions/77341580/convert-an-animation-into-an-in-memory-file-or-a-function,"
Convert an animation into an in-memory file or a function
",2023-10-22 20:25:41Z
63,https://stackoverflow.com/questions/77341564/getting-404-response-from-flask-stumped,"
Getting 404 response from flask, stumped
",2023-10-22 20:18:10Z
64,https://stackoverflow.com/questions/77341482/how-to-get-flaskswagger-ask-for-options-for-the-parameters-in-the-ui-instead-of,"
How to get Flask+Swagger ask for options for the parameters in the UI instead of filling a json?
",2023-10-22 19:52:14Z
65,https://stackoverflow.com/questions/77340638/how-do-i-make-a-discord-bot-that-is-an-api,"
How do I make a discord bot that is an API? [closed]
",2023-10-22 15:42:28Z
66,https://stackoverflow.com/questions/77340129/inserting-response-as-value-of-input-field-with-htmx-in-flask,"
inserting response as value of input field with htmx in flask
",2023-10-22 13:26:57Z
67,https://stackoverflow.com/questions/77340063/something-about-flask-session-cookie,"
Something About Flask Session Cookie
",2023-10-22 13:05:51Z
68,https://stackoverflow.com/questions/77339980/ajax-http-request-fetching-result-from-wrong-flask-endpoint,"
Ajax HTTP request fetching result from wrong Flask endpoint
",2023-10-22 12:43:13Z
69,https://stackoverflow.com/questions/77339892/invalid-value-for-a-app-unable-to-load-celery-application-str-objec,"
Invalid value for '-A' / '--app': Unable to load celery application. 'str' object has no attribute 'level' when Integrating Celery with Flask?
",2023-10-22 12:09:57Z
70,https://stackoverflow.com/questions/77338631/problem-establishing-connection-to-backend-that-contains-websocket-server,"
Problem establishing connection to backend that contains websocket server
",2023-10-22 04:20:33Z
71,https://stackoverflow.com/questions/77338554/google-cloud-service-failed-to-trigger-build-found-no-logs,"
Google cloud service failed to trigger build found no logs
",2023-10-22 03:42:24Z
72,https://stackoverflow.com/questions/77338110/werkzeug-flask-application-logs,"
Werkzeug/flask application logs
",2023-10-21 23:09:07Z
73,https://stackoverflow.com/questions/77336737/gunicorn-modulenotfounderror-no-module-named-wsgi,"
Gunicorn ModuleNotFoundError: No module named 'wsgi'
",2023-10-21 15:49:39Z
74,https://stackoverflow.com/questions/77336647/why-does-google-cloud-converse-conversation-returns-none-or-empty,"
Why does google cloud converse_conversation returns None or empty?
",2023-10-21 15:24:30Z
75,https://stackoverflow.com/questions/77336600/live-view-count-with-flask,"
Live View Count With Flask
",2023-10-21 15:12:10Z
76,https://stackoverflow.com/questions/77336096/flask-gunicorn-pass-custom-parameters-for-every-other-concurrent-user,"
flask gunicorn pass custom parameters for every other concurrent user
",2023-10-21 13:02:56Z
77,https://stackoverflow.com/questions/77335592/how-to-decide-where-to-store-a-method-for-accessing-a-database-if-it-interacts,"
How to decide where to store a method for accessing a database, if it interacts with two or more tables?
",2023-10-21 10:30:38Z
78,https://stackoverflow.com/questions/77335530/how-would-i-integrate-dash-apps-into-a-single-website-hosted-on-a-single-server,"
How would I integrate Dash apps into a single website hosted on a single server?
",2023-10-21 10:08:52Z
79,https://stackoverflow.com/questions/77334544/error-in-app-sql-error-readonly-attribute,"
ERROR in app: SQL error: readonly attribute
",2023-10-21 02:22:03Z
80,https://stackoverflow.com/questions/77334530/flask-app-using-single-html-template-with-multiple-callback-functions,"
Flask app using single html template with multiple callback functions
",2023-10-21 02:14:20Z
81,https://stackoverflow.com/questions/77334463/herokucontainer-m1-mac-pushing-docker-image-layer-stuck-in-retry-loop,"
heroku:container M1 mac pushing docker image layer stuck in retry loop
",2023-10-21 01:37:36Z
82,https://stackoverflow.com/questions/77334325/how-do-relationships-work-on-the-mongoengine,"
How do relationships work on the mongoengine?
",2023-10-21 00:18:36Z
83,https://stackoverflow.com/questions/77333982/how-do-i-run-a-flask-application-with-react-routing,"
How do I run a Flask application with React routing?
",2023-10-20 22:05:37Z
84,https://stackoverflow.com/questions/77333736/how-to-package-and-run-a-flask-app-as-a-windows-exe-file-and-share-with-colleag,"
How to package and run a Flask app as a Windows .exe file and share with colleagues across local network?
",2023-10-20 20:57:23Z
85,https://stackoverflow.com/questions/77333341/calling-mongodb-from-flask-python3-on-ubuntu-22-04,"
Calling MongoDB from Flask python3 on Ubuntu 22.04
",2023-10-20 19:21:28Z
86,https://stackoverflow.com/questions/77333340/gunicorn-behavior-with-worker-and-thread-configuration,"
Gunicorn behavior with worker and thread configuration
",2023-10-20 19:20:49Z
87,https://stackoverflow.com/questions/77333325/setting-up-auto-refresh-with-flask-on-template-change,"
Setting up auto-refresh with Flask on template change
",2023-10-20 19:17:08Z
88,https://stackoverflow.com/questions/77333047/run-separate-thread-after-get-request-with-flask,"
run separate thread after get request with flask
",2023-10-20 18:22:11Z
89,https://stackoverflow.com/questions/77331660/reroute-backend-link-with-one-port-to-a-frontend-route-with-another-port,"
Reroute backend link with one port to a frontend route with another port
",2023-10-20 14:14:33Z
90,https://stackoverflow.com/questions/77331587/flask-process-multiple-request-with-different-variable,"
flask process multiple request, with different variable
",2023-10-20 14:06:17Z
91,https://stackoverflow.com/questions/77331383/how-does-flask-to-make-python-work-in-a-web-browser,"
How does Flask to make Python work in a web browser?
",2023-10-20 13:39:25Z
92,https://stackoverflow.com/questions/77330164/mysql-connection-not-available-error-in-python-flask-micro-service,"
""MySQL Connection not available"" error in python flask micro service
",2023-10-20 10:23:03Z
93,https://stackoverflow.com/questions/77329855/capturing-frames-from-web-cam-image-is-cropped,"
Capturing frames from web cam, image is cropped
",2023-10-20 09:38:55Z
94,https://stackoverflow.com/questions/77329808/get-stdout-of-a-python-script-to-flask-website-with-flask,"
get stdout of a python script to flask website with flask
",2023-10-20 09:31:42Z
95,https://stackoverflow.com/questions/77328966/mongoengine-errors-fielddoesnotexist-the-fields-v-do-not-exist-on-the-d,"
mongoengine.errors.FieldDoesNotExist: The fields ""{'__v'}"" do not exist on the document ""WorkflowExecutions""
",2023-10-20 07:14:01Z
96,https://stackoverflow.com/questions/77328938/locally-works-but-on-the-nginx-server-i-get-unable-to-render-this-definition,"
Locally works but on the Nginx server I get: `Unable to render this definition. The provided definition does not specify a valid version field`
",2023-10-20 07:08:22Z
97,https://stackoverflow.com/questions/77328818/flask-functions-post-method-is-resetting-variables-received-from-javascript-vi,"
Flask function's POST method is resetting variables received from JavaScript (via POST) as JSON to None on ""submit"" event. How can I avoid that?
",2023-10-20 06:48:44Z
98,https://stackoverflow.com/questions/77328751/in-a-hello-world-flask-application-using-https-instead-of-http-introduces-1s-ov,"
In a hello world flask application, using https instead of http introduces 1s overhead
",2023-10-20 06:33:17Z
99,https://stackoverflow.com/questions/77328460/flask-to-nextjs-no-access-control-allow-origin-header-is-present-on-the-requ,"
Flask to NextJS - No 'Access-Control-Allow-Origin' header is present on the requested resource
",2023-10-20 05:17:55Z
100,https://stackoverflow.com/questions/77327804/cs50x-final-project-flask-doesnt-run,"
CS50x Final Project Flask doesn't run [closed]
",2023-10-20 01:05:04Z
101,https://stackoverflow.com/questions/77327795/establish-communication-between-react-web-server-running-on-aws-and-flask-app-ru,"
Establish communication between React web server running on AWS and Flask app running on Raspberry Pi 4 Model B
",2023-10-20 01:01:47Z
102,https://stackoverflow.com/questions/77327528/is-it-possible-to-drag-and-drop-an-image-from-an-img-tag-into-the-input-of-an,"
Is it possible to drag and drop an image from an <img> tag into the input of an html form?
",2023-10-19 23:25:46Z
103,https://stackoverflow.com/questions/77326265/apache-airflow-under-security-tab-there-is-ooops-something-bad-has-happened,"
Apache Airflow: Under security tab there is Ooops! Something bad has happened
",2023-10-19 18:28:43Z
104,https://stackoverflow.com/questions/77326148/how-to-create-a-registration-and-login-page-with-flask-and-store-data-in-a-mysql,"
How to create a registration and login page with Flask and store data in a MySQL Workbench database? [closed]
",2023-10-19 18:04:06Z
105,https://stackoverflow.com/questions/77325467/from-wekzeug-to-gunicorn-for-flask-in-a-docker-container-stuck,"
from wekzeug to gunicorn for Flask in a Docker container: stuck
",2023-10-19 16:10:05Z
106,https://stackoverflow.com/questions/77325420/cannot-modify-port-windows-port-setting-problem,"
Cannot modify port, windows port setting problem
",2023-10-19 16:03:34Z
107,https://stackoverflow.com/questions/77325194/get-input-from-html-form-in-flask,"
Get Input from html form in Flask
",2023-10-19 15:31:11Z
108,https://stackoverflow.com/questions/77323033/troubleshooting-flask-web-app-deployment-on-netlify-from-github,"
Troubleshooting Flask Web App Deployment on Netlify from GitHub
",2023-10-19 10:36:38Z
109,https://stackoverflow.com/questions/77322970/feed-a-python-list-to-js-to-highlight-sections-in-a-custom-seekbar-for-html-page,"
Feed a Python list to js to highlight sections in a custom seekbar for html page in Flask
",2023-10-19 10:27:23Z
110,https://stackoverflow.com/questions/77321340/why-does-the-x-or-o-not-pop-up-when-clicked,"
Why does the X or O not pop up when clicked?
",2023-10-19 06:13:46Z
111,https://stackoverflow.com/questions/77321034/python-flask-template-rendering-issues,"
python flask template rendering issues
",2023-10-19 04:53:15Z
112,https://stackoverflow.com/questions/77321016/how-to-stop-google-cloud-from-automatically-resetting-app-data,"
How to stop Google Cloud from automatically resetting app data?
",2023-10-19 04:49:03Z
113,https://stackoverflow.com/questions/77320564/how-to-send-csv-file-and-xlsx-file-in-chunks-using-flask,"
How to send csv file and xlsx file in chunks using flask?
",2023-10-19 02:14:12Z
114,https://stackoverflow.com/questions/77320268/hosting-large-ml-model-on-flask-or-node,"
hosting large ML model on Flask or Node
",2023-10-19 00:13:15Z
115,https://stackoverflow.com/questions/77319888/i-need-a-chatbot-like-chatgpt-with-python,"
I need a chatbot like ChatGPT with Python [closed]
",2023-10-18 22:09:12Z
116,https://stackoverflow.com/questions/77319647/flask-sqlalchemy-query-not-querying-as-per-the-request,"
Flask-SQLAlchemy query not querying as per the request
",2023-10-18 21:14:18Z
117,https://stackoverflow.com/questions/77319164/getting-404-not-found-error-on-ajax-form-submit,"
Getting 404 Not Found Error on Ajax Form Submit
",2023-10-18 19:42:50Z
118,https://stackoverflow.com/questions/77318814/expecting-a-404-response-status-code-from-my-flask-application-when-querying-a-n,"
Expecting a 404 response status code from my Flask application when querying a non existent key in Redis DB - but receiving a 200 code instead
",2023-10-18 18:34:50Z
119,https://stackoverflow.com/questions/77318420/python-flask-and-mongodb-custom-search,"
Python Flask and MongoDB custom search
",2023-10-18 17:19:00Z
120,https://stackoverflow.com/questions/77318342/postgresql-connections-not-closing-in-flask-application-while-making-db-queries,"
PostgreSQL Connections Not Closing in Flask Application while making DB queries inside a thread
",2023-10-18 17:08:10Z
121,https://stackoverflow.com/questions/77318088/installing-mysqlclient-in-flask-got-this-error,"
installing mysqlclient in flask got this error
",2023-10-18 16:26:07Z
122,https://stackoverflow.com/questions/77317828/sessions-do-not-persist-between-routes-in-flask-on-replit,"
Sessions do not persist between routes in flask on replit
",2023-10-18 15:45:04Z
123,https://stackoverflow.com/questions/77317546/caching-pip-packages-in-requirements-txt-using-vercel-json,"
Caching pip packages in requirements.txt using vercel.json
",2023-10-18 15:07:36Z
124,https://stackoverflow.com/questions/77317072/download-docx-file-created-in-flask-using-vuejs,"
Download docx file created in Flask using VueJS
",2023-10-18 14:05:09Z
125,https://stackoverflow.com/questions/77316732/installing-flask-wtf-with-anaconda-importerror-cannot-import-name-plain-int,"
Installing Flask-WTF with Anaconda: ImportError: cannot import name '_plain_int' from 'werkzeug._internal'
",2023-10-18 13:23:03Z
126,https://stackoverflow.com/questions/77316522/how-to-access-the-app-instance-of-flask-in-other-modules,"
How to access the app instance of flask in other modules
",2023-10-18 12:57:45Z
127,https://stackoverflow.com/questions/77316343/sqlite-cant-acess-my-path-file-for-my-database-in-pycharm,"
SQlite cant acess my path file for my database in pycharm
",2023-10-18 12:32:26Z
128,https://stackoverflow.com/questions/77315707/using-pypdfium-in-python-flask-via-built-in-flask-server-and-via-a-waitress-wsgi,"
Using pypdfium in python flask via built in flask server and via a waitress WSGI server
",2023-10-18 11:01:48Z
129,https://stackoverflow.com/questions/77315369/import-a-global-variable-from-an-external-function-into-flask-app,"
Import a global variable from an external function into flask app
",2023-10-18 10:08:59Z
130,https://stackoverflow.com/questions/77315308/how-to-convert-string-to-python-object-flask-specific,"
How to convert string to Python object (Flask specific)
",2023-10-18 10:01:48Z
131,https://stackoverflow.com/questions/77315291/have-different-sessions-in-flask-for-a-chatbot-with-langchain,"
Have different sessions in flask for a chatbot with langchain
",2023-10-18 09:59:25Z
132,https://stackoverflow.com/questions/77315258/permission-denied-greenlet-error-can-not-switch-to-a-different-thread,"
Permission denied; greenlet.error: can not switch to a different thread
",2023-10-18 09:55:56Z
133,https://stackoverflow.com/questions/77315200/static-file-working-on-local-windows-but-not-on-ubuntu,"
Static file working on local (Windows ) but not on Ubuntu [closed]
",2023-10-18 09:46:40Z
134,https://stackoverflow.com/questions/77315192/error-when-trying-to-write-save-or-read-files-in-deployed-flask-app-on-vercel,"
Error when trying to write, save or read files in deployed flask app on vercel
",2023-10-18 09:44:56Z
135,https://stackoverflow.com/questions/77314830/flask-the-requested-url-was-not-found-on-this-server,"
FLASK The requested URL was not found on this server
",2023-10-18 08:50:30Z
136,https://stackoverflow.com/questions/77314348/flask-with-sqlalchecmys,"
flask with SQLAlchecmys
",2023-10-18 07:41:55Z
137,https://stackoverflow.com/questions/77313470/is-there-a-better-way-to-share-a-flask-app-without-asking-someone-to-download-an,"
Is there a better way to share a Flask app without asking someone to download and run it locally? [duplicate]
",2023-10-18 04:24:02Z
138,https://stackoverflow.com/questions/77313188/http-request-fails-in-flask-request-succeeds-from-command-line,"
HTTP request fails in Flask request, succeeds from command line
",2023-10-18 02:33:35Z
139,https://stackoverflow.com/questions/77313124/docker-postman-econnreset,"
Docker Postman ECONNRESET [duplicate]
",2023-10-18 02:14:46Z
140,https://stackoverflow.com/questions/77312915/import-cv2-not-executing-through-ssh,"
import cv2 not executing through ssh
",2023-10-18 00:45:58Z
141,https://stackoverflow.com/questions/77311771/sql-alchemy-instrumental-lists-order-not-saving,"
SQL alchemy instrumental list's order not saving
",2023-10-17 19:32:34Z
142,https://stackoverflow.com/questions/77311726/combine-flask-async-functions-with-flask-appbuilder,"
Combine Flask async functions with Flask-Appbuilder?
",2023-10-17 19:23:50Z
143,https://stackoverflow.com/questions/77310967/renaming-a-file-in-flask,"
renaming a file in flask? [closed]
",2023-10-17 17:10:52Z
144,https://stackoverflow.com/questions/77310615/cannot-add-to-db-from-routes-py-file,"
Cannot add to db from routes.py file
",2023-10-17 16:11:47Z
145,https://stackoverflow.com/questions/77309563/how-to-update-a-gunicorn-flask-application-without-turning-it-down,"
How to update a gunicorn flask application without turning it down
",2023-10-17 13:46:21Z
146,https://stackoverflow.com/questions/77309438/how-to-take-the-selected-value-from-select-boxes-in-html-to-flask-python,"
How to take the selected value from select boxes in HTML to flask-python
",2023-10-17 13:30:02Z
147,https://stackoverflow.com/questions/77309281/pytest-crashes-because-of-flask-even-when-code-is-not-using-flask,"
Pytest crashes because of Flask, even when code is not using Flask
",2023-10-17 13:08:58Z
148,https://stackoverflow.com/questions/77309183/how-do-i-pass-value-to-and-from-sql-database-using-flask-and-html,"
How do I pass value to and from sql database using flask and html
",2023-10-17 12:55:43Z
149,https://stackoverflow.com/questions/77308785/can-idle-flask-gunicorn-applications-overload-my-server,"
Can idle flask-gunicorn applications overload my server?
",2023-10-17 11:55:10Z
